{"initial_reset_timestamp": 2359583.986235371, "timestamps": [2359641.043214672], "episode_lengths": [526], "episode_rewards": [-24.526980557650734], "episode_types": ["t"]}