{"initial_reset_timestamp": 5541.326193738, "timestamps": [5605.966433515], "episode_lengths": [1037], "episode_rewards": [10.369999999999823], "episode_types": ["t"]}