{"initial_reset_timestamp": 1644166.806371702, "timestamps": [1644183.034653925, 1644199.288596586, 1644215.556350207, 1644231.774565297, 1644247.990753157, 1644441.033666533, 1644460.458101241, 1644479.911792998, 1644499.363289824, 1644518.768715239, 1644692.02182445, 1644692.146590716, 1644692.271234962, 1644692.395795204, 1644692.520577308, 1644865.37770542, 1644865.732334191, 1644866.081684127, 1644866.432937709, 1644866.782042204, 1645059.953347423, 1645077.809342802, 1645095.659458043, 1645113.436225268, 1645131.281008648, 1645330.775706697, 1645349.517138359, 1645368.205444128, 1645386.949332501, 1645405.68136471, 1645609.799983584, 1645627.761928153, 1645645.746589495, 1645663.69820018, 1645681.659813036, 1645865.715598066, 1645865.954790354, 1645866.195745992, 1645866.432400977, 1645866.669052018, 1646050.925013719, 1646051.16809199, 1646051.40753864, 1646051.647783891, 1646051.887478683, 1655965.881878466, 1655966.144158551, 1655966.407376965, 1655966.67423002, 1655966.936450959], "episode_lengths": [18290, 18290, 18290, 18290, 18290, 22070, 22070, 22070, 22070, 22070, 147, 147, 147, 147, 147, 406, 406, 406, 406, 406, 20487, 20487, 20487, 20487, 20487, 21490, 21490, 21490, 21490, 21490, 20406, 20406, 20406, 20406, 20406, 280, 280, 280, 280, 280, 281, 281, 281, 281, 281, 311, 311, 311, 311, 311], "episode_rewards": [7561052.422334073, 7561052.422334073, 7561052.422334073, 7561052.422334073, 7561052.422334073, 7123268.1906420505, 7123268.1906420505, 7123268.1906420505, 7123268.1906420505, 7123268.1906420505, 29677.66244422849, 29677.66244422849, 29677.66244422849, 29677.66244422849, 29677.66244422849, 159949.88369771608, 159949.88369771608, 159949.88369771608, 159949.88369771608, 159949.88369771608, 7812680.572312347, 7812680.572312347, 7812680.572312347, 7812680.572312347, 7812680.572312347, 6976606.352991807, 6976606.352991807, 6976606.352991807, 6976606.352991807, 6976606.352991807, 8748990.21886258, 8748990.21886258, 8748990.21886258, 8748990.21886258, 8748990.21886258, 111933.53213067591, 111933.53213067591, 111933.53213067591, 111933.53213067591, 111933.53213067591, -162601.13094842195, -162601.13094842195, -162601.13094842195, -162601.13094842195, -162601.13094842195, -135057.2616947277, -135057.2616947277, -135057.2616947277, -135057.2616947277, -135057.2616947277], "episode_types": ["t", "t", "t", "t", "t", "t", "t", "t", "t", "t", "t", "t", "t", "t", "t", "t", "t", "t", "t", "t", "t", "t", "t", "t", "t", "t", "t", "t", "t", "t", "t", "t", "t", "t", "t", "t", "t", "t", "t", "t", "t", "t", "t", "t", "t", "t", "t", "t", "t", "t", "t", "t", "t", "t", "t", "t", "t", "t", "t", "t"]}